product,GB,previous_GHS,new_GHS,change_GHS,change_percent,new_GHS_per_GB,authoritative_supplier_cost,founder_reference_cost_GHS,reference_cost_label,reference_gross_spread_GHS,reference_gross_spread_percent_of_revenue,configured_reserve,authoritative_contribution_after_reserve,welcome_customer_GHS,welcome_reference_spread_before_reserve_GHS
mtn-1gb,1,4.99,5.49,0.50,10.02,5.4900,not queried,4.00,"founder supplied reference, not a cost override",1.49,27.14,unknown until production policy inspected,unknown until authoritative cost and reserve are known,4.49,0.49
mtn-2gb,2,9.99,10.49,0.50,5.01,5.2450,not queried,8.00,"founder supplied reference, not a cost override",2.49,23.74,unknown until production policy inspected,unknown until authoritative cost and reserve are known,9.49,1.49
mtn-3gb,3,14.99,14.99,0.00,0.00,4.9967,not queried,12.00,"founder supplied reference, not a cost override",2.99,19.95,unknown until production policy inspected,unknown until authoritative cost and reserve are known,13.99,1.99
mtn-4gb,4,19.49,19.49,0.00,0.00,4.8725,not queried,16.00,"founder supplied reference, not a cost override",3.49,17.91,unknown until production policy inspected,unknown until authoritative cost and reserve are known,18.49,2.49
mtn-5gb,5,23.99,23.99,0.00,0.00,4.7980,not queried,20.00,"founder supplied reference, not a cost override",3.99,16.63,unknown until production policy inspected,unknown until authoritative cost and reserve are known,22.99,2.99
mtn-6gb,6,28.49,28.49,0.00,0.00,4.7483,not queried,24.00,"founder supplied reference, not a cost override",4.49,15.76,unknown until production policy inspected,unknown until authoritative cost and reserve are known,27.49,3.49
mtn-8gb,8,37.99,36.99,-1.00,-2.63,4.6238,not queried,32.00,"founder supplied reference, not a cost override",4.99,13.49,unknown until production policy inspected,unknown until authoritative cost and reserve are known,35.99,3.99
mtn-10gb,10,46.99,44.99,-2.00,-4.26,4.4990,not queried,40.00,"founder supplied reference, not a cost override",4.99,11.09,unknown until production policy inspected,unknown until authoritative cost and reserve are known,43.99,3.99
mtn-15gb,15,69.99,66.99,-3.00,-4.29,4.4660,not queried,60.00,"founder supplied reference, not a cost override",6.99,10.43,unknown until production policy inspected,unknown until authoritative cost and reserve are known,65.99,5.99
mtn-20gb,20,92.99,88.99,-4.00,-4.30,4.4495,not queried,80.00,"founder supplied reference, not a cost override",8.99,10.10,unknown until production policy inspected,unknown until authoritative cost and reserve are known,87.99,7.99
mtn-25gb,25,114.99,110.99,-4.00,-3.48,4.4396,not queried,100.00,"founder supplied reference, not a cost override",10.99,9.90,unknown until production policy inspected,unknown until authoritative cost and reserve are known,109.99,9.99
mtn-30gb,30,137.99,132.99,-5.00,-3.62,4.4330,not queried,120.00,"founder supplied reference, not a cost override",12.99,9.77,unknown until production policy inspected,unknown until authoritative cost and reserve are known,131.99,11.99
mtn-40gb,40,182.99,176.99,-6.00,-3.28,4.4248,not queried,160.00,"founder supplied reference, not a cost override",16.99,9.60,unknown until production policy inspected,unknown until authoritative cost and reserve are known,175.99,15.99
at-1gb,1,4.79,4.99,0.20,4.18,4.9900,not queried,3.90,"founder supplied reference, not a cost override",1.09,21.84,unknown until production policy inspected,unknown until authoritative cost and reserve are known,3.99,0.09
at-2gb,2,8.99,9.49,0.50,5.56,4.7450,not queried,7.80,"founder supplied reference, not a cost override",1.69,17.81,unknown until production policy inspected,unknown until authoritative cost and reserve are known,8.49,0.69
at-3gb,3,13.49,13.99,0.50,3.71,4.6633,not queried,11.70,"founder supplied reference, not a cost override",2.29,16.37,unknown until production policy inspected,unknown until authoritative cost and reserve are known,12.99,1.29
at-4gb,4,17.99,18.49,0.50,2.78,4.6225,not queried,15.60,"founder supplied reference, not a cost override",2.89,15.63,unknown until production policy inspected,unknown until authoritative cost and reserve are known,17.49,1.89
at-5gb,5,22.49,22.99,0.50,2.22,4.5980,not queried,19.50,"founder supplied reference, not a cost override",3.49,15.18,unknown until production policy inspected,unknown until authoritative cost and reserve are known,21.99,2.49
telecel-10gb,10,44.99,44.99,0.00,0.00,4.4990,not queried,40.00,"founder supplied reference, not a cost override",4.99,11.09,unknown until production policy inspected,unknown until authoritative cost and reserve are known,43.99,3.99
telecel-15gb,15,63.99,66.99,3.00,4.69,4.4660,not queried,60.00,"founder supplied reference, not a cost override",6.99,10.43,unknown until production policy inspected,unknown until authoritative cost and reserve are known,65.99,5.99
telecel-20gb,20,83.99,88.99,5.00,5.95,4.4495,not queried,80.00,"founder supplied reference, not a cost override",8.99,10.10,unknown until production policy inspected,unknown until authoritative cost and reserve are known,87.99,7.99
telecel-25gb,25,103.99,110.99,7.00,6.73,4.4396,not queried,100.00,"founder supplied reference, not a cost override",10.99,9.90,unknown until production policy inspected,unknown until authoritative cost and reserve are known,109.99,9.99
telecel-30gb,30,123.99,122.99,-1.00,-0.81,4.0997,not queried,110.00,"founder supplied reference, not a cost override",12.99,10.56,unknown until production policy inspected,unknown until authoritative cost and reserve are known,121.99,11.99
telecel-40gb,40,164.99,163.99,-1.00,-0.61,4.0998,not queried,150.00,"founder supplied reference, not a cost override",13.99,8.53,unknown until production policy inspected,unknown until authoritative cost and reserve are known,162.99,12.99
telecel-50gb,50,203.99,203.99,0.00,0.00,4.0798,not queried,185.00,"founder supplied reference, not a cost override",18.99,9.31,unknown until production policy inspected,unknown until authoritative cost and reserve are known,202.99,17.99
telecel-100gb,100,399.99,399.99,0.00,0.00,3.9999,not queried,360.00,"founder supplied reference, not a cost override",39.99,10.00,unknown until production policy inspected,unknown until authoritative cost and reserve are known,398.99,38.99
